{
    "matrix": [
        [
            2.355371900826446,
            0.004596996628869139
        ],
        [
            -0.09504132231404959,
            0.12013484523444683
        ]
    ],
    "matrix_inv": [
        [
            0.4239068749022499,
            -0.016220926335545276
        ],
        [
            0.33536206626896353,
            8.311146859709096
        ]
    ]
}